Precinct,Rep,Mod,Dem,Total,Rep Share,Mod Share,Dem Share,Winning Party,Party Strength
1,1207,9,148,1364,0.8848973607,0.0065982405,0.1085043988,Rep,3
2,177,1,9,187,0.9465240642,0.0053475936,0.0481283422,Rep,3
3,627,5,94,726,0.8636363636,0.0068870523,0.1294765840,Rep,3
4,200,2,21,223,0.8968609865,0.0089686099,0.0941704036,Rep,3
5,302,3,45,350,0.8628571429,0.0085714286,0.1285714286,Rep,3
6,186,1,21,208,0.8942307692,0.0048076923,0.1009615385,Rep,3
7,1105,8,94,1207,0.9154929577,0.0066280033,0.0778790389,Rep,3
8,1263,10,178,1451,0.8704341833,0.0068917988,0.1226740179,Rep,3
9,361,2,31,394,0.9162436548,0.0050761421,0.0786802030,Rep,3
